Workbook

Sheet 使い方
B2: ポート振替表(スイッチ更改用)
B3: 旧スイッチ → 新スイッチのポート対応を、誰が見ても分かる形で管理・引き継ぐためのテンプレートです(機器台数70台前提・企業を問わず利用可)。
B5: ■ シート構成
B6: 機器一覧 | C6: 更改対象の全SW(70台)を1行ずつ登録。旧→新の機器名・IP・担当・予定日を管理。登録ポート数/完了ポート数/進捗率は自動集計。
B7: ポート振替表 | C7: メインのシート。旧SWの1ポート=1行で、接続先・設定・新SWの割当ポート・ケーブル・作業状況まで記録。
B8: SW別シート | C8: 旧SW名を選ぶだけで、そのSW分のポート一覧を自動表示。現地作業・印刷用(A4横)。
B9: ケーブルタグ表 | C9: 旧(既設)タグと新タグを左右に並べて自動一覧化(入力不要)。旧タグは撤去確認、新タグは印字・貼付確認に使う。旧ラベルはポート振替表のW列(任意)、新ラベルはO列に入力。
B10: リスト | C10: プルダウンの選択肢。自社の用語に合わせて編集可。
B12: ■ 記入の流れ
B13: ①機器一覧 | C13: 旧機器名を全台分登録(機器名は他シートのプルダウンに使われるため、重複しない名前にする)。新機器名・新IPは決まり次第入力。
B14: ②ポート棚卸 | C14: 現行configや実機から、使用中ポートを「ポート振替表」に1ポート1行で転記(旧SW名はプルダウンで選択)。未使用ポートも空き管理のため行を作り、モードを「未使用(Shutdown)」にする。
B15: ③新ポート割当 | C15: 新SW名・新ポートを入力。旧ポート番号と新ポート番号が同じなら「ポート変更」列が自動で「同一」、違えば「変更」(オレンジ)になる。
B16: ④ケーブル準備 | C16: ケーブル種別・ケーブルラベルを記入。ラベルは旧/新で同じ番号にすると現場で迷わない。
B17: ⑤切替作業 | C17: 「SW別シート」を印刷して現地へ。作業状況を 未着手 → 準備済 → 切替済 → 疎通確認済 と更新し、作業日・作業者を記入。
B18: ⑥完了確認 | C18: 機器一覧の進捗率が100%、切替状況が「完了」になれば終了。保留はオレンジで残るので申し送りに使える。
B20: ■ セルの色の意味
B21: 白 | C21: 入力欄(自由に記入)
B22: 薄グレー | C22: 自動計算セル(数式が入っているので入力しない)
B23: 薄青・斜体 | C23: 記入例(「例_」で始まる行)。不要になったら内容を消すか上書きしてOK。
B24: 薄黄 | C24: SW別シートで対象SWを選ぶセル
B26: ■ 作業状況の定義
B27: 未着手 | C27: ケーブル・設定とも未準備
B28: 準備済 | C28: 新SW設定投入済み、ケーブルラベル貼付済み(切替前の状態)
B29: 切替済 | C29: 新SWのポートに差し替え完了(疎通は未確認)
B30: 疎通確認済 | C30: 接続先との疎通・リンクアップ・VLAN所属を確認済 = 完了(進捗率に集計)
B31: 保留 | C31: 接続先都合・機器停止不可などで未実施。備考に理由と再実施予定を書く
B33: ■ 運用のコツ
B34: 命名ルール | C34: SW名・ポート表記はconfigの表記(例: Gi1/0/1、Ten-GigabitEthernet1/0/1)をそのままコピーして揃えると、検索・フィルタが確実。
B35: フィルタ | C35: ポート振替表は見出し行にオートフィルタ設定済み。旧SW名・作業状況・ポート変更=「変更」で絞り込める。
B36: 共有 | C36: 複数人で同時に編集する場合は、SW単位で担当を分け、担当者列を埋めておく。

Sheet 機器一覧
A1: 機器一覧(更改対象SW 70台)
B2: 対象SW数 | C2: =COUNTA(D6:D75) -> 0 | D2: 登録ポート数 | E2: =SUM(L6:L75) -> 0 | F2: 完了ポート数 | G2: =SUM(M6:M75) -> 0 | H2: 進捗率 | I2: =IF(E2=0,0,G2/E2) -> 0
L3: ▼自動集計
A4: No. | B4: 拠点 / 設置場所 | C4: ラック / 位置 | D4: 旧機器名 | E4: 旧機種 | F4: 旧管理IP | G4: 新機器名 | H4: 新機種 | I4: 新管理IP | J4: 切替予定日 | K4: 担当者 | L4: 登録ポート数 | M4: 完了ポート数 | N4: 進捗率 | O4: 切替状況 | P4: 備考
A5: 例 | B5: 本社 3F | C5: Rack-A / 12U | D5: 例_旧SW01 | E5: Catalyst 2960 | F5: 192.0.2.11 | G5: 例_新SW01 | H5: 新機種 48P PoE | I5: 192.0.2.111 | J5: 46340 | K5: 山田 | L5: =IF(D5="","",COUNTIF(ポート振替表!$B$5:$B$3507,D5)) -> 3 | M5: =IF(D5="","",COUNTIFS(ポート振替表!$B$5:$B$3507,D5,ポート振替表!$P$5:$P$3507,"疎通確認済")) -> 1 | N5: =IF(OR(D5="",L5=0),"",M5/L5) -> 0.33333333 | O5: =IF(OR(D5="",L5=0),"",IF(M5=L5,"完了",IF(M5>0,"作業中","未着手"))) -> 作業中 | P5: 記入例(上書き可)
A6: 1 | L6: =IF(D6="","",COUNTIF(ポート振替表!$B$5:$B$3507,D6)) | M6: =IF(D6="","",COUNTIFS(ポート振替表!$B$5:$B$3507,D6,ポート振替表!$P$5:$P$3507,"疎通確認済")) | N6: =IF(OR(D6="",L6=0),"",M6/L6) | O6: =IF(OR(D6="",L6=0),"",IF(M6=L6,"完了",IF(M6>0,"作業中","未着手")))
A7: 2 | L7: =IF(D7="","",COUNTIF(ポート振替表!$B$5:$B$3507,D7)) | M7: =IF(D7="","",COUNTIFS(ポート振替表!$B$5:$B$3507,D7,ポート振替表!$P$5:$P$3507,"疎通確認済")) | N7: =IF(OR(D7="",L7=0),"",M7/L7) | O7: =IF(OR(D7="",L7=0),"",IF(M7=L7,"完了",IF(M7>0,"作業中","未着手")))
A8: 3 | L8: =IF(D8="","",COUNTIF(ポート振替表!$B$5:$B$3507,D8)) | M8: =IF(D8="","",COUNTIFS(ポート振替表!$B$5:$B$3507,D8,ポート振替表!$P$5:$P$3507,"疎通確認済")) | N8: =IF(OR(D8="",L8=0),"",M8/L8) | O8: =IF(OR(D8="",L8=0),"",IF(M8=L8,"完了",IF(M8>0,"作業中","未着手")))
A9: 4 | L9: =IF(D9="","",COUNTIF(ポート振替表!$B$5:$B$3507,D9)) | M9: =IF(D9="","",COUNTIFS(ポート振替表!$B$5:$B$3507,D9,ポート振替表!$P$5:$P$3507,"疎通確認済")) | N9: =IF(OR(D9="",L9=0),"",M9/L9) | O9: =IF(OR(D9="",L9=0),"",IF(M9=L9,"完了",IF(M9>0,"作業中","未着手")))
A10: 5 | L10: =IF(D10="","",COUNTIF(ポート振替表!$B$5:$B$3507,D10)) | M10: =IF(D10="","",COUNTIFS(ポート振替表!$B$5:$B$3507,D10,ポート振替表!$P$5:$P$3507,"疎通確認済")) | N10: =IF(OR(D10="",L10=0),"",M10/L10) | O10: =IF(OR(D10="",L10=0),"",IF(M10=L10,"完了",IF(M10>0,"作業中","未着手")))
A11: 6 | L11: =IF(D11="","",COUNTIF(ポート振替表!$B$5:$B$3507,D11)) | M11: =IF(D11="","",COUNTIFS(ポート振替表!$B$5:$B$3507,D11,ポート振替表!$P$5:$P$3507,"疎通確認済")) | N11: =IF(OR(D11="",L11=0),"",M11/L11) | O11: =IF(OR(D11="",L11=0),"",IF(M11=L11,"完了",IF(M11>0,"作業中","未着手")))
A12: 7 | L12: =IF(D12="","",COUNTIF(ポート振替表!$B$5:$B$3507,D12)) | M12: =IF(D12="","",COUNTIFS(ポート振替表!$B$5:$B$3507,D12,ポート振替表!$P$5:$P$3507,"疎通確認済")) | N12: =IF(OR(D12="",L12=0),"",M12/L12) | O12: =IF(OR(D12="",L12=0),"",IF(M12=L12,"完了",IF(M12>0,"作業中","未着手")))
A13: 8 | L13: =IF(D13="","",COUNTIF(ポート振替表!$B$5:$B$3507,D13)) | M13: =IF(D13="","",COUNTIFS(ポート振替表!$B$5:$B$3507,D13,ポート振替表!$P$5:$P$3507,"疎通確認済")) | N13: =IF(OR(D13="",L13=0),"",M13/L13) | O13: =IF(OR(D13="",L13=0),"",IF(M13=L13,"完了",IF(M13>0,"作業中","未着手")))
A14: 9 | L14: =IF(D14="","",COUNTIF(ポート振替表!$B$5:$B$3507,D14)) | M14: =IF(D14="","",COUNTIFS(ポート振替表!$B$5:$B$3507,D14,ポート振替表!$P$5:$P$3507,"疎通確認済")) | N14: =IF(OR(D14="",L14=0),"",M14/L14) | O14: =IF(OR(D14="",L14=0),"",IF(M14=L14,"完了",IF(M14>0,"作業中","未着手")))
A15: 10 | L15: =IF(D15="","",COUNTIF(ポート振替表!$B$5:$B$3507,D15)) | M15: =IF(D15="","",COUNTIFS(ポート振替表!$B$5:$B$3507,D15,ポート振替表!$P$5:$P$3507,"疎通確認済")) | N15: =IF(OR(D15="",L15=0),"",M15/L15) | O15: =IF(OR(D15="",L15=0),"",IF(M15=L15,"完了",IF(M15>0,"作業中","未着手")))
A16: 11 | L16: =IF(D16="","",COUNTIF(ポート振替表!$B$5:$B$3507,D16)) | M16: =IF(D16="","",COUNTIFS(ポート振替表!$B$5:$B$3507,D16,ポート振替表!$P$5:$P$3507,"疎通確認済")) | N16: =IF(OR(D16="",L16=0),"",M16/L16) | O16: =IF(OR(D16="",L16=0),"",IF(M16=L16,"完了",IF(M16>0,"作業中","未着手")))
A17: 12 | L17: =IF(D17="","",COUNTIF(ポート振替表!$B$5:$B$3507,D17)) | M17: =IF(D17="","",COUNTIFS(ポート振替表!$B$5:$B$3507,D17,ポート振替表!$P$5:$P$3507,"疎通確認済")) | N17: =IF(OR(D17="",L17=0),"",M17/L17) | O17: =IF(OR(D17="",L17=0),"",IF(M17=L17,"完了",IF(M17>0,"作業中","未着手")))
... A75: 70 | L75: =IF(D75="","",COUNTIF(ポート振替表!$B$5:$B$3507,D75)) | M75: =IF(D75="","",COUNTIFS(ポート振替表!$B$5:$B$3507,D75,ポート振替表!$P$5:$P$3507,"疎通確認済")) | N75: =IF(OR(D75="",L75=0),"",M75/L75) | O75: =IF(OR(D75="",L75=0),"",IF(M75=L75,"完了",IF(M75>0,"作業中","未着手")))

Sheet ポート振替表
A1: ポート振替表 | F1: ※ 1ポート=1行。薄グレーの列は自動計算。「例_」の行は記入例(上書き可)
K2: 赤=新SW・新ポートが重複 / 黄=旧SWは入力済で新SW未入力
B3: 【旧】現行SW・接続情報 | K3: 【新】更改後SW・配線 | P3: 作業管理 | W3: 【旧】
A4: No. | B4: 旧SW名 | C4: 旧ポート | D4: モード | E4: VLAN (Access/Native) | F4: Trunk許可VLAN | G4: 速度/Duplex | H4: 接続先 機器名 | I4: 接続先 ポート/NIC | J4: 用途・設置場所メモ | K4: 新SW名 | L4: 新ポート | M4: ポート変更 | N4: ケーブル種別 | O4: ケーブルラベル | P4: 作業状況 | Q4: 作業日 | R4: 作業者 | S4: 確認者 | T4: 備考 | U4: 作業用 (SW別連番) | V4: タグ連番 (自動) | W4: 旧ラベル (既設・任意)
A5: 例 | B5: 例_旧SW01 | C5: Gi1/0/1 | D5: Access | E5: 10 | G5: 1G/Full | H5: PC-0123 | I5: LAN | J5: 事務エリア 席A-12 | K5: 例_新SW01 | L5: Gi1/0/1 | M5: =IF(OR(C5="",L5=""),"",IF(C5=L5,"同一","変更")) -> 同一 | N5: UTP Cat6 | O5: L-0001 | P5: 疎通確認済 | Q5: 46340 | R5: 山田 | S5: 佐藤 | T5: 記入例: 新旧同一ポート | U5: =IF(AND(B5<>"",B5=SW別シート!$C$3),COUNTIF(B$5:B5,B5),"") -> 1 | V5: =IF(OR(O5<>"",W5<>""),1,0) -> 1 | W5: OLD-0001
A6: 例 | B6: 例_旧SW01 | C6: Gi1/0/2 | D6: Access | E6: 20 | G6: Auto | H6: AP-3F-01 | I6: eth0 | J6: 3F 無線AP | K6: 例_新SW01 | L6: Gi1/0/3 | M6: =IF(OR(C6="",L6=""),"",IF(C6=L6,"同一","変更")) -> 変更 | N6: UTP Cat6A | O6: L-0002 | P6: 切替済 | Q6: 46340 | R6: 山田 | T6: 記入例: ポート番号が変わる(PoE要確認) | U6: =IF(AND(B6<>"",B6=SW別シート!$C$3),COUNTIF(B$5:B6,B6),"") -> 2 | V6: =V5+IF(OR(O6<>"",W6<>""),1,0) -> 2 | W6: OLD-0002
A7: 例 | B7: 例_旧SW01 | C7: Gi1/0/48 | D7: Trunk | E7: 1 | F7: 10,20,100 | G7: 1G/Full | H7: CORE-SW01 | I7: Te1/0/5 | J7: 上位接続(アップリンク) | K7: 例_新SW01 | L7: Te1/0/49 | M7: =IF(OR(C7="",L7=""),"",IF(C7=L7,"同一","変更")) -> 変更 | N7: 光 MMF | O7: L-0048 | P7: 準備済 | R7: 山田 | T7: 記入例: アップリンク | U7: =IF(AND(B7<>"",B7=SW別シート!$C$3),COUNTIF(B$5:B7,B7),"") -> 3 | V7: =V6+IF(OR(O7<>"",W7<>""),1,0) -> 3 | W7: OLD-0048
A8: =IF(B8="","",ROW()-7) | M8: =IF(OR(C8="",L8=""),"",IF(C8=L8,"同一","変更")) | U8: =IF(AND(B8<>"",B8=SW別シート!$C$3),COUNTIF(B$5:B8,B8),"") | V8: =V7+IF(OR(O8<>"",W8<>""),1,0) -> 3
A9: =IF(B9="","",ROW()-7) | M9: =IF(OR(C9="",L9=""),"",IF(C9=L9,"同一","変更")) | U9: =IF(AND(B9<>"",B9=SW別シート!$C$3),COUNTIF(B$5:B9,B9),"") | V9: =V8+IF(OR(O9<>"",W9<>""),1,0) -> 3
A10: =IF(B10="","",ROW()-7) | M10: =IF(OR(C10="",L10=""),"",IF(C10=L10,"同一","変更")) | U10: =IF(AND(B10<>"",B10=SW別シート!$C$3),COUNTIF(B$5:B10,B10),"") | V10: =V9+IF(OR(O10<>"",W10<>""),1,0) -> 3
A11: =IF(B11="","",ROW()-7) | M11: =IF(OR(C11="",L11=""),"",IF(C11=L11,"同一","変更")) | U11: =IF(AND(B11<>"",B11=SW別シート!$C$3),COUNTIF(B$5:B11,B11),"") | V11: =V10+IF(OR(O11<>"",W11<>""),1,0) -> 3
A12: =IF(B12="","",ROW()-7) | M12: =IF(OR(C12="",L12=""),"",IF(C12=L12,"同一","変更")) | U12: =IF(AND(B12<>"",B12=SW別シート!$C$3),COUNTIF(B$5:B12,B12),"") | V12: =V11+IF(OR(O12<>"",W12<>""),1,0) -> 3
A13: =IF(B13="","",ROW()-7) | M13: =IF(OR(C13="",L13=""),"",IF(C13=L13,"同一","変更")) | U13: =IF(AND(B13<>"",B13=SW別シート!$C$3),COUNTIF(B$5:B13,B13),"") | V13: =V12+IF(OR(O13<>"",W13<>""),1,0) -> 3
A14: =IF(B14="","",ROW()-7) | M14: =IF(OR(C14="",L14=""),"",IF(C14=L14,"同一","変更")) | U14: =IF(AND(B14<>"",B14=SW別シート!$C$3),COUNTIF(B$5:B14,B14),"") | V14: =V13+IF(OR(O14<>"",W14<>""),1,0) -> 3
A15: =IF(B15="","",ROW()-7) | M15: =IF(OR(C15="",L15=""),"",IF(C15=L15,"同一","変更")) | U15: =IF(AND(B15<>"",B15=SW別シート!$C$3),COUNTIF(B$5:B15,B15),"") | V15: =V14+IF(OR(O15<>"",W15<>""),1,0) -> 3
A16: =IF(B16="","",ROW()-7) | M16: =IF(OR(C16="",L16=""),"",IF(C16=L16,"同一","変更")) | U16: =IF(AND(B16<>"",B16=SW別シート!$C$3),COUNTIF(B$5:B16,B16),"") | V16: =V15+IF(OR(O16<>"",W16<>""),1,0) -> 3
A17: =IF(B17="","",ROW()-7) | M17: =IF(OR(C17="",L17=""),"",IF(C17=L17,"同一","変更")) | U17: =IF(AND(B17<>"",B17=SW別シート!$C$3),COUNTIF(B$5:B17,B17),"") | V17: =V16+IF(OR(O17<>"",W17<>""),1,0) -> 3
A18: =IF(B18="","",ROW()-7) | M18: =IF(OR(C18="",L18=""),"",IF(C18=L18,"同一","変更")) | U18: =IF(AND(B18<>"",B18=SW別シート!$C$3),COUNTIF(B$5:B18,B18),"") | V18: =V17+IF(OR(O18<>"",W18<>""),1,0) -> 3
A19: =IF(B19="","",ROW()-7) | M19: =IF(OR(C19="",L19=""),"",IF(C19=L19,"同一","変更")) | U19: =IF(AND(B19<>"",B19=SW別シート!$C$3),COUNTIF(B$5:B19,B19),"") | V19: =V18+IF(OR(O19<>"",W19<>""),1,0) -> 3
... A3507: =IF(B3507="","",ROW()-7) | M3507: =IF(OR(C3507="",L3507=""),"",IF(C3507=L3507,"同一","変更")) | U3507: =IF(AND(B3507<>"",B3507=SW別シート!$C$3),COUNTIF(B$5:B3507,B3507),"") | V3507: =V3506+IF(OR(O3507<>"",W3507<>""),1,0) -> 3

Sheet SW別シート
A1: SW別 ポート振替シート(現地作業・印刷用)
A3: 旧SW名 ▶ | C3: 例_旧SW01 | E3: ◀ プルダウンで選択すると、下の表が自動で切り替わります
A5: 拠点/設置場所 | C5: =IFERROR(INDEX(機器一覧!$B$5:$B$75,MATCH($C$3,機器一覧!$D$5:$D$75,0))&"","") -> 本社 3F | F5: 新機器名 | H5: =IFERROR(INDEX(機器一覧!$G$5:$G$75,MATCH($C$3,機器一覧!$D$5:$D$75,0))&"","") -> 例_新SW01 | K5: 進捗
A6: ラック/位置 | C6: =IFERROR(INDEX(機器一覧!$C$5:$C$75,MATCH($C$3,機器一覧!$D$5:$D$75,0))&"","") -> Rack-A / 12U | F6: 新機種 / 新IP | H6: =IFERROR(INDEX(機器一覧!$H$5:$H$75,MATCH($C$3,機器一覧!$D$5:$D$75,0))&" / "&INDEX(機器一覧!$I$5:$I$75,MATCH($C$3,機器一覧!$D$5:$D$75,0)),"") -> 新機種 48P PoE / 192.0.2.111 | K6: =IFERROR(INDEX(機器一覧!$M$5:$M$75,MATCH($C$3,機器一覧!$D$5:$D$75,0))&" / "&INDEX(機器一覧!$L$5:$L$75,MATCH($C$3,機器一覧!$D$5:$D$75,0))&" ポート完了","") -> 1 / 3 ポート完了
A7: 旧機種 / 旧IP | C7: =IFERROR(INDEX(機器一覧!$E$5:$E$75,MATCH($C$3,機器一覧!$D$5:$D$75,0))&" / "&INDEX(機器一覧!$F$5:$F$75,MATCH($C$3,機器一覧!$D$5:$D$75,0)),"") -> Catalyst 2960 / 192.0.2.11 | F7: 予定日 / 担当 | H7: =IFERROR(TEXT(INDEX(機器一覧!$J$5:$J$75,MATCH($C$3,機器一覧!$D$5:$D$75,0)),"yyyy/mm/dd")&" / "&INDEX(機器一覧!$K$5:$K$75,MATCH($C$3,機器一覧!$D$5:$D$75,0)),"") -> 2026/11/14 / 山田
A9: No. | B9: 旧ポート | C9: モード | D9: VLAN | E9: Trunk許可VLAN | F9: 接続先 機器名 | G9: 接続先 ポート/NIC | H9: 用途・設置場所 | I9: 新SW名 | J9: 新ポート | K9: ケーブル種別 | L9: ケーブルラベル | M9: 作業状況 | N9: 確認✓
A10: 1 | B10: =IFERROR(INDEX(ポート振替表!$C$5:$C$3507,MATCH($A10,ポート振替表!$U$5:$U$3507,0))&"","") -> Gi1/0/1 | C10: =IFERROR(INDEX(ポート振替表!$D$5:$D$3507,MATCH($A10,ポート振替表!$U$5:$U$3507,0))&"","") -> Access | D10: =IFERROR(INDEX(ポート振替表!$E$5:$E$3507,MATCH($A10,ポート振替表!$U$5:$U$3507,0))&"","") -> 10 | E10: =IFERROR(INDEX(ポート振替表!$F$5:$F$3507,MATCH($A10,ポート振替表!$U$5:$U$3507,0))&"","") | F10: =IFERROR(INDEX(ポート振替表!$H$5:$H$3507,MATCH($A10,ポート振替表!$U$5:$U$3507,0))&"","") -> PC-0123 | G10: =IFERROR(INDEX(ポート振替表!$I$5:$I$3507,MATCH($A10,ポート振替表!$U$5:$U$3507,0))&"","") -> LAN | H10: =IFERROR(INDEX(ポート振替表!$J$5:$J$3507,MATCH($A10,ポート振替表!$U$5:$U$3507,0))&"","") -> 事務エリア 席A-12 | I10: =IFERROR(INDEX(ポート振替表!$K$5:$K$3507,MATCH($A10,ポート振替表!$U$5:$U$3507,0))&"","") -> 例_新SW01 | J10: =IFERROR(INDEX(ポート振替表!$L$5:$L$3507,MATCH($A10,ポート振替表!$U$5:$U$3507,0))&"","") -> Gi1/0/1 | K10: =IFERROR(INDEX(ポート振替表!$N$5:$N$3507,MATCH($A10,ポート振替表!$U$5:$U$3507,0))&"","") -> UTP Cat6 | L10: =IFERROR(INDEX(ポート振替表!$O$5:$O$3507,MATCH($A10,ポート振替表!$U$5:$U$3507,0))&"","") -> L-0001 | M10: =IFERROR(INDEX(ポート振替表!$P$5:$P$3507,MATCH($A10,ポート振替表!$U$5:$U$3507,0))&"","") -> 疎通確認済 | N10: □
A11: 2 | B11: =IFERROR(INDEX(ポート振替表!$C$5:$C$3507,MATCH($A11,ポート振替表!$U$5:$U$3507,0))&"","") -> Gi1/0/2 | C11: =IFERROR(INDEX(ポート振替表!$D$5:$D$3507,MATCH($A11,ポート振替表!$U$5:$U$3507,0))&"","") -> Access | D11: =IFERROR(INDEX(ポート振替表!$E$5:$E$3507,MATCH($A11,ポート振替表!$U$5:$U$3507,0))&"","") -> 20 | E11: =IFERROR(INDEX(ポート振替表!$F$5:$F$3507,MATCH($A11,ポート振替表!$U$5:$U$3507,0))&"","") | F11: =IFERROR(INDEX(ポート振替表!$H$5:$H$3507,MATCH($A11,ポート振替表!$U$5:$U$3507,0))&"","") -> AP-3F-01 | G11: =IFERROR(INDEX(ポート振替表!$I$5:$I$3507,MATCH($A11,ポート振替表!$U$5:$U$3507,0))&"","") -> eth0 | H11: =IFERROR(INDEX(ポート振替表!$J$5:$J$3507,MATCH($A11,ポート振替表!$U$5:$U$3507,0))&"","") -> 3F 無線AP | I11: =IFERROR(INDEX(ポート振替表!$K$5:$K$3507,MATCH($A11,ポート振替表!$U$5:$U$3507,0))&"","") -> 例_新SW01 | J11: =IFERROR(INDEX(ポート振替表!$L$5:$L$3507,MATCH($A11,ポート振替表!$U$5:$U$3507,0))&"","") -> Gi1/0/3 | K11: =IFERROR(INDEX(ポート振替表!$N$5:$N$3507,MATCH($A11,ポート振替表!$U$5:$U$3507,0))&"","") -> UTP Cat6A | L11: =IFERROR(INDEX(ポート振替表!$O$5:$O$3507,MATCH($A11,ポート振替表!$U$5:$U$3507,0))&"","") -> L-0002 | M11: =IFERROR(INDEX(ポート振替表!$P$5:$P$3507,MATCH($A11,ポート振替表!$U$5:$U$3507,0))&"","") -> 切替済 | N11: □
A12: 3 | B12: =IFERROR(INDEX(ポート振替表!$C$5:$C$3507,MATCH($A12,ポート振替表!$U$5:$U$3507,0))&"","") -> Gi1/0/48 | C12: =IFERROR(INDEX(ポート振替表!$D$5:$D$3507,MATCH($A12,ポート振替表!$U$5:$U$3507,0))&"","") -> Trunk | D12: =IFERROR(INDEX(ポート振替表!$E$5:$E$3507,MATCH($A12,ポート振替表!$U$5:$U$3507,0))&"","") -> 1 | E12: =IFERROR(INDEX(ポート振替表!$F$5:$F$3507,MATCH($A12,ポート振替表!$U$5:$U$3507,0))&"","") -> 10,20,100 | F12: =IFERROR(INDEX(ポート振替表!$H$5:$H$3507,MATCH($A12,ポート振替表!$U$5:$U$3507,0))&"","") -> CORE-SW01 | G12: =IFERROR(INDEX(ポート振替表!$I$5:$I$3507,MATCH($A12,ポート振替表!$U$5:$U$3507,0))&"","") -> Te1/0/5 | H12: =IFERROR(INDEX(ポート振替表!$J$5:$J$3507,MATCH($A12,ポート振替表!$U$5:$U$3507,0))&"","") -> 上位接続(アップリンク) | I12: =IFERROR(INDEX(ポート振替表!$K$5:$K$3507,MATCH($A12,ポート振替表!$U$5:$U$3507,0))&"","") -> 例_新SW01 | J12: =IFERROR(INDEX(ポート振替表!$L$5:$L$3507,MATCH($A12,ポート振替表!$U$5:$U$3507,0))&"","") -> Te1/0/49 | K12: =IFERROR(INDEX(ポート振替表!$N$5:$N$3507,MATCH($A12,ポート振替表!$U$5:$U$3507,0))&"","") -> 光 MMF | L12: =IFERROR(INDEX(ポート振替表!$O$5:$O$3507,MATCH($A12,ポート振替表!$U$5:$U$3507,0))&"","") -> L-0048 | M12: =IFERROR(INDEX(ポート振替表!$P$5:$P$3507,MATCH($A12,ポート振替表!$U$5:$U$3507,0))&"","") -> 準備済 | N12: □
A13: 4 | B13: =IFERROR(INDEX(ポート振替表!$C$5:$C$3507,MATCH($A13,ポート振替表!$U$5:$U$3507,0))&"","") | C13: =IFERROR(INDEX(ポート振替表!$D$5:$D$3507,MATCH($A13,ポート振替表!$U$5:$U$3507,0))&"","") | D13: =IFERROR(INDEX(ポート振替表!$E$5:$E$3507,MATCH($A13,ポート振替表!$U$5:$U$3507,0))&"","") | E13: =IFERROR(INDEX(ポート振替表!$F$5:$F$3507,MATCH($A13,ポート振替表!$U$5:$U$3507,0))&"","") | F13: =IFERROR(INDEX(ポート振替表!$H$5:$H$3507,MATCH($A13,ポート振替表!$U$5:$U$3507,0))&"","") | G13: =IFERROR(INDEX(ポート振替表!$I$5:$I$3507,MATCH($A13,ポート振替表!$U$5:$U$3507,0))&"","") | H13: =IFERROR(INDEX(ポート振替表!$J$5:$J$3507,MATCH($A13,ポート振替表!$U$5:$U$3507,0))&"","") | I13: =IFERROR(INDEX(ポート振替表!$K$5:$K$3507,MATCH($A13,ポート振替表!$U$5:$U$3507,0))&"","") | J13: =IFERROR(INDEX(ポート振替表!$L$5:$L$3507,MATCH($A13,ポート振替表!$U$5:$U$3507,0))&"","") | K13: =IFERROR(INDEX(ポート振替表!$N$5:$N$3507,MATCH($A13,ポート振替表!$U$5:$U$3507,0))&"","") | L13: =IFERROR(INDEX(ポート振替表!$O$5:$O$3507,MATCH($A13,ポート振替表!$U$5:$U$3507,0))&"","") | M13: =IFERROR(INDEX(ポート振替表!$P$5:$P$3507,MATCH($A13,ポート振替表!$U$5:$U$3507,0))&"","") | N13: □
A14: 5 | B14: =IFERROR(INDEX(ポート振替表!$C$5:$C$3507,MATCH($A14,ポート振替表!$U$5:$U$3507,0))&"","") | C14: =IFERROR(INDEX(ポート振替表!$D$5:$D$3507,MATCH($A14,ポート振替表!$U$5:$U$3507,0))&"","") | D14: =IFERROR(INDEX(ポート振替表!$E$5:$E$3507,MATCH($A14,ポート振替表!$U$5:$U$3507,0))&"","") | E14: =IFERROR(INDEX(ポート振替表!$F$5:$F$3507,MATCH($A14,ポート振替表!$U$5:$U$3507,0))&"","") | F14: =IFERROR(INDEX(ポート振替表!$H$5:$H$3507,MATCH($A14,ポート振替表!$U$5:$U$3507,0))&"","") | G14: =IFERROR(INDEX(ポート振替表!$I$5:$I$3507,MATCH($A14,ポート振替表!$U$5:$U$3507,0))&"","") | H14: =IFERROR(INDEX(ポート振替表!$J$5:$J$3507,MATCH($A14,ポート振替表!$U$5:$U$3507,0))&"","") | I14: =IFERROR(INDEX(ポート振替表!$K$5:$K$3507,MATCH($A14,ポート振替表!$U$5:$U$3507,0))&"","") | J14: =IFERROR(INDEX(ポート振替表!$L$5:$L$3507,MATCH($A14,ポート振替表!$U$5:$U$3507,0))&"","") | K14: =IFERROR(INDEX(ポート振替表!$N$5:$N$3507,MATCH($A14,ポート振替表!$U$5:$U$3507,0))&"","") | L14: =IFERROR(INDEX(ポート振替表!$O$5:$O$3507,MATCH($A14,ポート振替表!$U$5:$U$3507,0))&"","") | M14: =IFERROR(INDEX(ポート振替表!$P$5:$P$3507,MATCH($A14,ポート振替表!$U$5:$U$3507,0))&"","") | N14: □
A15: 6 | B15: =IFERROR(INDEX(ポート振替表!$C$5:$C$3507,MATCH($A15,ポート振替表!$U$5:$U$3507,0))&"","") | C15: =IFERROR(INDEX(ポート振替表!$D$5:$D$3507,MATCH($A15,ポート振替表!$U$5:$U$3507,0))&"","") | D15: =IFERROR(INDEX(ポート振替表!$E$5:$E$3507,MATCH($A15,ポート振替表!$U$5:$U$3507,0))&"","") | E15: =IFERROR(INDEX(ポート振替表!$F$5:$F$3507,MATCH($A15,ポート振替表!$U$5:$U$3507,0))&"","") | F15: =IFERROR(INDEX(ポート振替表!$H$5:$H$3507,MATCH($A15,ポート振替表!$U$5:$U$3507,0))&"","") | G15: =IFERROR(INDEX(ポート振替表!$I$5:$I$3507,MATCH($A15,ポート振替表!$U$5:$U$3507,0))&"","") | H15: =IFERROR(INDEX(ポート振替表!$J$5:$J$3507,MATCH($A15,ポート振替表!$U$5:$U$3507,0))&"","") | I15: =IFERROR(INDEX(ポート振替表!$K$5:$K$3507,MATCH($A15,ポート振替表!$U$5:$U$3507,0))&"","") | J15: =IFERROR(INDEX(ポート振替表!$L$5:$L$3507,MATCH($A15,ポート振替表!$U$5:$U$3507,0))&"","") | K15: =IFERROR(INDEX(ポート振替表!$N$5:$N$3507,MATCH($A15,ポート振替表!$U$5:$U$3507,0))&"","") | L15: =IFERROR(INDEX(ポート振替表!$O$5:$O$3507,MATCH($A15,ポート振替表!$U$5:$U$3507,0))&"","") | M15: =IFERROR(INDEX(ポート振替表!$P$5:$P$3507,MATCH($A15,ポート振替表!$U$5:$U$3507,0))&"","") | N15: □
A16: 7 | B16: =IFERROR(INDEX(ポート振替表!$C$5:$C$3507,MATCH($A16,ポート振替表!$U$5:$U$3507,0))&"","") | C16: =IFERROR(INDEX(ポート振替表!$D$5:$D$3507,MATCH($A16,ポート振替表!$U$5:$U$3507,0))&"","") | D16: =IFERROR(INDEX(ポート振替表!$E$5:$E$3507,MATCH($A16,ポート振替表!$U$5:$U$3507,0))&"","") | E16: =IFERROR(INDEX(ポート振替表!$F$5:$F$3507,MATCH($A16,ポート振替表!$U$5:$U$3507,0))&"","") | F16: =IFERROR(INDEX(ポート振替表!$H$5:$H$3507,MATCH($A16,ポート振替表!$U$5:$U$3507,0))&"","") | G16: =IFERROR(INDEX(ポート振替表!$I$5:$I$3507,MATCH($A16,ポート振替表!$U$5:$U$3507,0))&"","") | H16: =IFERROR(INDEX(ポート振替表!$J$5:$J$3507,MATCH($A16,ポート振替表!$U$5:$U$3507,0))&"","") | I16: =IFERROR(INDEX(ポート振替表!$K$5:$K$3507,MATCH($A16,ポート振替表!$U$5:$U$3507,0))&"","") | J16: =IFERROR(INDEX(ポート振替表!$L$5:$L$3507,MATCH($A16,ポート振替表!$U$5:$U$3507,0))&"","") | K16: =IFERROR(INDEX(ポート振替表!$N$5:$N$3507,MATCH($A16,ポート振替表!$U$5:$U$3507,0))&"","") | L16: =IFERROR(INDEX(ポート振替表!$O$5:$O$3507,MATCH($A16,ポート振替表!$U$5:$U$3507,0))&"","") | M16: =IFERROR(INDEX(ポート振替表!$P$5:$P$3507,MATCH($A16,ポート振替表!$U$5:$U$3507,0))&"","") | N16: □
A17: 8 | B17: =IFERROR(INDEX(ポート振替表!$C$5:$C$3507,MATCH($A17,ポート振替表!$U$5:$U$3507,0))&"","") | C17: =IFERROR(INDEX(ポート振替表!$D$5:$D$3507,MATCH($A17,ポート振替表!$U$5:$U$3507,0))&"","") | D17: =IFERROR(INDEX(ポート振替表!$E$5:$E$3507,MATCH($A17,ポート振替表!$U$5:$U$3507,0))&"","") | E17: =IFERROR(INDEX(ポート振替表!$F$5:$F$3507,MATCH($A17,ポート振替表!$U$5:$U$3507,0))&"","") | F17: =IFERROR(INDEX(ポート振替表!$H$5:$H$3507,MATCH($A17,ポート振替表!$U$5:$U$3507,0))&"","") | G17: =IFERROR(INDEX(ポート振替表!$I$5:$I$3507,MATCH($A17,ポート振替表!$U$5:$U$3507,0))&"","") | H17: =IFERROR(INDEX(ポート振替表!$J$5:$J$3507,MATCH($A17,ポート振替表!$U$5:$U$3507,0))&"","") | I17: =IFERROR(INDEX(ポート振替表!$K$5:$K$3507,MATCH($A17,ポート振替表!$U$5:$U$3507,0))&"","") | J17: =IFERROR(INDEX(ポート振替表!$L$5:$L$3507,MATCH($A17,ポート振替表!$U$5:$U$3507,0))&"","") | K17: =IFERROR(INDEX(ポート振替表!$N$5:$N$3507,MATCH($A17,ポート振替表!$U$5:$U$3507,0))&"","") | L17: =IFERROR(INDEX(ポート振替表!$O$5:$O$3507,MATCH($A17,ポート振替表!$U$5:$U$3507,0))&"","") | M17: =IFERROR(INDEX(ポート振替表!$P$5:$P$3507,MATCH($A17,ポート振替表!$U$5:$U$3507,0))&"","") | N17: □
A18: 9 | B18: =IFERROR(INDEX(ポート振替表!$C$5:$C$3507,MATCH($A18,ポート振替表!$U$5:$U$3507,0))&"","") | C18: =IFERROR(INDEX(ポート振替表!$D$5:$D$3507,MATCH($A18,ポート振替表!$U$5:$U$3507,0))&"","") | D18: =IFERROR(INDEX(ポート振替表!$E$5:$E$3507,MATCH($A18,ポート振替表!$U$5:$U$3507,0))&"","") | E18: =IFERROR(INDEX(ポート振替表!$F$5:$F$3507,MATCH($A18,ポート振替表!$U$5:$U$3507,0))&"","") | F18: =IFERROR(INDEX(ポート振替表!$H$5:$H$3507,MATCH($A18,ポート振替表!$U$5:$U$3507,0))&"","") | G18: =IFERROR(INDEX(ポート振替表!$I$5:$I$3507,MATCH($A18,ポート振替表!$U$5:$U$3507,0))&"","") | H18: =IFERROR(INDEX(ポート振替表!$J$5:$J$3507,MATCH($A18,ポート振替表!$U$5:$U$3507,0))&"","") | I18: =IFERROR(INDEX(ポート振替表!$K$5:$K$3507,MATCH($A18,ポート振替表!$U$5:$U$3507,0))&"","") | J18: =IFERROR(INDEX(ポート振替表!$L$5:$L$3507,MATCH($A18,ポート振替表!$U$5:$U$3507,0))&"","") | K18: =IFERROR(INDEX(ポート振替表!$N$5:$N$3507,MATCH($A18,ポート振替表!$U$5:$U$3507,0))&"","") | L18: =IFERROR(INDEX(ポート振替表!$O$5:$O$3507,MATCH($A18,ポート振替表!$U$5:$U$3507,0))&"","") | M18: =IFERROR(INDEX(ポート振替表!$P$5:$P$3507,MATCH($A18,ポート振替表!$U$5:$U$3507,0))&"","") | N18: □
A19: 10 | B19: =IFERROR(INDEX(ポート振替表!$C$5:$C$3507,MATCH($A19,ポート振替表!$U$5:$U$3507,0))&"","") | C19: =IFERROR(INDEX(ポート振替表!$D$5:$D$3507,MATCH($A19,ポート振替表!$U$5:$U$3507,0))&"","") | D19: =IFERROR(INDEX(ポート振替表!$E$5:$E$3507,MATCH($A19,ポート振替表!$U$5:$U$3507,0))&"","") | E19: =IFERROR(INDEX(ポート振替表!$F$5:$F$3507,MATCH($A19,ポート振替表!$U$5:$U$3507,0))&"","") | F19: =IFERROR(INDEX(ポート振替表!$H$5:$H$3507,MATCH($A19,ポート振替表!$U$5:$U$3507,0))&"","") | G19: =IFERROR(INDEX(ポート振替表!$I$5:$I$3507,MATCH($A19,ポート振替表!$U$5:$U$3507,0))&"","") | H19: =IFERROR(INDEX(ポート振替表!$J$5:$J$3507,MATCH($A19,ポート振替表!$U$5:$U$3507,0))&"","") | I19: =IFERROR(INDEX(ポート振替表!$K$5:$K$3507,MATCH($A19,ポート振替表!$U$5:$U$3507,0))&"","") | J19: =IFERROR(INDEX(ポート振替表!$L$5:$L$3507,MATCH($A19,ポート振替表!$U$5:$U$3507,0))&"","") | K19: =IFERROR(INDEX(ポート振替表!$N$5:$N$3507,MATCH($A19,ポート振替表!$U$5:$U$3507,0))&"","") | L19: =IFERROR(INDEX(ポート振替表!$O$5:$O$3507,MATCH($A19,ポート振替表!$U$5:$U$3507,0))&"","") | M19: =IFERROR(INDEX(ポート振替表!$P$5:$P$3507,MATCH($A19,ポート振替表!$U$5:$U$3507,0))&"","") | N19: □
A20: 11 | B20: =IFERROR(INDEX(ポート振替表!$C$5:$C$3507,MATCH($A20,ポート振替表!$U$5:$U$3507,0))&"","") | C20: =IFERROR(INDEX(ポート振替表!$D$5:$D$3507,MATCH($A20,ポート振替表!$U$5:$U$3507,0))&"","") | D20: =IFERROR(INDEX(ポート振替表!$E$5:$E$3507,MATCH($A20,ポート振替表!$U$5:$U$3507,0))&"","") | E20: =IFERROR(INDEX(ポート振替表!$F$5:$F$3507,MATCH($A20,ポート振替表!$U$5:$U$3507,0))&"","") | F20: =IFERROR(INDEX(ポート振替表!$H$5:$H$3507,MATCH($A20,ポート振替表!$U$5:$U$3507,0))&"","") | G20: =IFERROR(INDEX(ポート振替表!$I$5:$I$3507,MATCH($A20,ポート振替表!$U$5:$U$3507,0))&"","") | H20: =IFERROR(INDEX(ポート振替表!$J$5:$J$3507,MATCH($A20,ポート振替表!$U$5:$U$3507,0))&"","") | I20: =IFERROR(INDEX(ポート振替表!$K$5:$K$3507,MATCH($A20,ポート振替表!$U$5:$U$3507,0))&"","") | J20: =IFERROR(INDEX(ポート振替表!$L$5:$L$3507,MATCH($A20,ポート振替表!$U$5:$U$3507,0))&"","") | K20: =IFERROR(INDEX(ポート振替表!$N$5:$N$3507,MATCH($A20,ポート振替表!$U$5:$U$3507,0))&"","") | L20: =IFERROR(INDEX(ポート振替表!$O$5:$O$3507,MATCH($A20,ポート振替表!$U$5:$U$3507,0))&"","") | M20: =IFERROR(INDEX(ポート振替表!$P$5:$P$3507,MATCH($A20,ポート振替表!$U$5:$U$3507,0))&"","") | N20: □
A21: 12 | B21: =IFERROR(INDEX(ポート振替表!$C$5:$C$3507,MATCH($A21,ポート振替表!$U$5:$U$3507,0))&"","") | C21: =IFERROR(INDEX(ポート振替表!$D$5:$D$3507,MATCH($A21,ポート振替表!$U$5:$U$3507,0))&"","") | D21: =IFERROR(INDEX(ポート振替表!$E$5:$E$3507,MATCH($A21,ポート振替表!$U$5:$U$3507,0))&"","") | E21: =IFERROR(INDEX(ポート振替表!$F$5:$F$3507,MATCH($A21,ポート振替表!$U$5:$U$3507,0))&"","") | F21: =IFERROR(INDEX(ポート振替表!$H$5:$H$3507,MATCH($A21,ポート振替表!$U$5:$U$3507,0))&"","") | G21: =IFERROR(INDEX(ポート振替表!$I$5:$I$3507,MATCH($A21,ポート振替表!$U$5:$U$3507,0))&"","") | H21: =IFERROR(INDEX(ポート振替表!$J$5:$J$3507,MATCH($A21,ポート振替表!$U$5:$U$3507,0))&"","") | I21: =IFERROR(INDEX(ポート振替表!$K$5:$K$3507,MATCH($A21,ポート振替表!$U$5:$U$3507,0))&"","") | J21: =IFERROR(INDEX(ポート振替表!$L$5:$L$3507,MATCH($A21,ポート振替表!$U$5:$U$3507,0))&"","") | K21: =IFERROR(INDEX(ポート振替表!$N$5:$N$3507,MATCH($A21,ポート振替表!$U$5:$U$3507,0))&"","") | L21: =IFERROR(INDEX(ポート振替表!$O$5:$O$3507,MATCH($A21,ポート振替表!$U$5:$U$3507,0))&"","") | M21: =IFERROR(INDEX(ポート振替表!$P$5:$P$3507,MATCH($A21,ポート振替表!$U$5:$U$3507,0))&"","") | N21: □
... A65: 56 | B65: =IFERROR(INDEX(ポート振替表!$C$5:$C$3507,MATCH($A65,ポート振替表!$U$5:$U$3507,0))&"","") | C65: =IFERROR(INDEX(ポート振替表!$D$5:$D$3507,MATCH($A65,ポート振替表!$U$5:$U$3507,0))&"","") | D65: =IFERROR(INDEX(ポート振替表!$E$5:$E$3507,MATCH($A65,ポート振替表!$U$5:$U$3507,0))&"","") | E65: =IFERROR(INDEX(ポート振替表!$F$5:$F$3507,MATCH($A65,ポート振替表!$U$5:$U$3507,0))&"","") | F65: =IFERROR(INDEX(ポート振替表!$H$5:$H$3507,MATCH($A65,ポート振替表!$U$5:$U$3507,0))&"","") | G65: =IFERROR(INDEX(ポート振替表!$I$5:$I$3507,MATCH($A65,ポート振替表!$U$5:$U$3507,0))&"","") | H65: =IFERROR(INDEX(ポート振替表!$J$5:$J$3507,MATCH($A65,ポート振替表!$U$5:$U$3507,0))&"","") | I65: =IFERROR(INDEX(ポート振替表!$K$5:$K$3507,MATCH($A65,ポート振替表!$U$5:$U$3507,0))&"","") | J65: =IFERROR(INDEX(ポート振替表!$L$5:$L$3507,MATCH($A65,ポート振替表!$U$5:$U$3507,0))&"","") | K65: =IFERROR(INDEX(ポート振替表!$N$5:$N$3507,MATCH($A65,ポート振替表!$U$5:$U$3507,0))&"","") | L65: =IFERROR(INDEX(ポート振替表!$O$5:$O$3507,MATCH($A65,ポート振替表!$U$5:$U$3507,0))&"","") | M65: =IFERROR(INDEX(ポート振替表!$P$5:$P$3507,MATCH($A65,ポート振替表!$U$5:$U$3507,0))&"","") | N65: □
A66: ※ オレンジ行 = 旧ポートと新ポートの番号が異なる(差し替え時に要注意)。最大56ポート分を表示します。

Sheet ケーブルタグ表
A1: ケーブルタグ(ラベル)表 旧 ⇒ 新
A2: 「ポート振替表」でラベルを入力した行が自動で並びます(入力不要)。旧タグ=撤去/確認用、新タグ=印字・貼付用。
B3: 【旧】既設タグ(撤去・確認) | E3: 【新】新設タグ(印字・貼付) | H3: 作業管理
A4: No. | B4: 旧ラベル | C4: 旧タグ内容 旧SW/ポート ⇔ 接続先 | D4: 旧タグ 撤去✓ | E4: 新ラベル | F4: 新タグ内容 新SW/ポート ⇔ 接続先 | G4: 新タグ 貼付✓ | H4: ケーブル種別 | I4: 作業状況 | J4: ポート変更 | K4: 新ラベル印字用テキスト(コピー用) | L4: 参照行
A5: =IF(L5="","",ROW()-4) -> 1 | B5: =IF(L5="","",IF(INDEX(ポート振替表!$W$5:$W$3507,$L5)="","(なし)",INDEX(ポート振替表!$W$5:$W$3507,$L5)&"")) -> OLD-0001 | C5: =IF(L5="","",INDEX(ポート振替表!$B$5:$B$3507,$L5)&" "&INDEX(ポート振替表!$C$5:$C$3507,$L5)&" ⇔ "&INDEX(ポート振替表!$H$5:$H$3507,$L5)&" "&INDEX(ポート振替表!$I$5:$I$3507,$L5)) -> 例_旧SW01 Gi1/0/1 ⇔ PC-0123 LAN | D5: □ | E5: =IF(L5="","",IF(INDEX(ポート振替表!$O$5:$O$3507,$L5)="","(未設定)",INDEX(ポート振替表!$O$5:$O$3507,$L5)&"")) -> L-0001 | F5: =IF(L5="","",INDEX(ポート振替表!$K$5:$K$3507,$L5)&" "&INDEX(ポート振替表!$L$5:$L$3507,$L5)&" ⇔ "&INDEX(ポート振替表!$H$5:$H$3507,$L5)&" "&INDEX(ポート振替表!$I$5:$I$3507,$L5)) -> 例_新SW01 Gi1/0/1 ⇔ PC-0123 LAN | G5: □ | H5: =IF(L5="","",INDEX(ポート振替表!$N$5:$N$3507,$L5)&"") -> UTP Cat6 | I5: =IF(L5="","",INDEX(ポート振替表!$P$5:$P$3507,$L5)&"") -> 疎通確認済 | J5: =IF(L5="","",INDEX(ポート振替表!$M$5:$M$3507,$L5)&"") -> 同一 | K5: =IF(L5="","",E5&CHAR(10)&INDEX(ポート振替表!$K$5:$K$3507,$L5)&" "&INDEX(ポート振替表!$L$5:$L$3507,$L5)&CHAR(10)&"⇔ "&INDEX(ポート振替表!$H$5:$H$3507,$L5)&" "&INDEX(ポート振替表!$I$5:$I$3507,$L5)) -> L-0001 例_新SW01 Gi1/0/1 ⇔ PC-0123 LAN | L5: =IFERROR(MATCH(ROW()-4,ポート振替表!$V$5:$V$3507,0),"") -> 1
A6: =IF(L6="","",ROW()-4) -> 2 | B6: =IF(L6="","",IF(INDEX(ポート振替表!$W$5:$W$3507,$L6)="","(なし)",INDEX(ポート振替表!$W$5:$W$3507,$L6)&"")) -> OLD-0002 | C6: =IF(L6="","",INDEX(ポート振替表!$B$5:$B$3507,$L6)&" "&INDEX(ポート振替表!$C$5:$C$3507,$L6)&" ⇔ "&INDEX(ポート振替表!$H$5:$H$3507,$L6)&" "&INDEX(ポート振替表!$I$5:$I$3507,$L6)) -> 例_旧SW01 Gi1/0/2 ⇔ AP-3F-01 eth0 | D6: □ | E6: =IF(L6="","",IF(INDEX(ポート振替表!$O$5:$O$3507,$L6)="","(未設定)",INDEX(ポート振替表!$O$5:$O$3507,$L6)&"")) -> L-0002 | F6: =IF(L6="","",INDEX(ポート振替表!$K$5:$K$3507,$L6)&" "&INDEX(ポート振替表!$L$5:$L$3507,$L6)&" ⇔ "&INDEX(ポート振替表!$H$5:$H$3507,$L6)&" "&INDEX(ポート振替表!$I$5:$I$3507,$L6)) -> 例_新SW01 Gi1/0/3 ⇔ AP-3F-01 eth0 | G6: □ | H6: =IF(L6="","",INDEX(ポート振替表!$N$5:$N$3507,$L6)&"") -> UTP Cat6A | I6: =IF(L6="","",INDEX(ポート振替表!$P$5:$P$3507,$L6)&"") -> 切替済 | J6: =IF(L6="","",INDEX(ポート振替表!$M$5:$M$3507,$L6)&"") -> 変更 | K6: =IF(L6="","",E6&CHAR(10)&INDEX(ポート振替表!$K$5:$K$3507,$L6)&" "&INDEX(ポート振替表!$L$5:$L$3507,$L6)&CHAR(10)&"⇔ "&INDEX(ポート振替表!$H$5:$H$3507,$L6)&" "&INDEX(ポート振替表!$I$5:$I$3507,$L6)) -> L-0002 例_新SW01 Gi1/0/3 ⇔ AP-3F-01 eth0 | L6: =IFERROR(MATCH(ROW()-4,ポート振替表!$V$5:$V$3507,0),"") -> 2
A7: =IF(L7="","",ROW()-4) -> 3 | B7: =IF(L7="","",IF(INDEX(ポート振替表!$W$5:$W$3507,$L7)="","(なし)",INDEX(ポート振替表!$W$5:$W$3507,$L7)&"")) -> OLD-0048 | C7: =IF(L7="","",INDEX(ポート振替表!$B$5:$B$3507,$L7)&" "&INDEX(ポート振替表!$C$5:$C$3507,$L7)&" ⇔ "&INDEX(ポート振替表!$H$5:$H$3507,$L7)&" "&INDEX(ポート振替表!$I$5:$I$3507,$L7)) -> 例_旧SW01 Gi1/0/48 ⇔ CORE-SW01 Te1/0/5 | D7: □ | E7: =IF(L7="","",IF(INDEX(ポート振替表!$O$5:$O$3507,$L7)="","(未設定)",INDEX(ポート振替表!$O$5:$O$3507,$L7)&"")) -> L-0048 | F7: =IF(L7="","",INDEX(ポート振替表!$K$5:$K$3507,$L7)&" "&INDEX(ポート振替表!$L$5:$L$3507,$L7)&" ⇔ "&INDEX(ポート振替表!$H$5:$H$3507,$L7)&" "&INDEX(ポート振替表!$I$5:$I$3507,$L7)) -> 例_新SW01 Te1/0/49 ⇔ CORE-SW01 Te1/0/5 | G7: □ | H7: =IF(L7="","",INDEX(ポート振替表!$N$5:$N$3507,$L7)&"") -> 光 MMF | I7: =IF(L7="","",INDEX(ポート振替表!$P$5:$P$3507,$L7)&"") -> 準備済 | J7: =IF(L7="","",INDEX(ポート振替表!$M$5:$M$3507,$L7)&"") -> 変更 | K7: =IF(L7="","",E7&CHAR(10)&INDEX(ポート振替表!$K$5:$K$3507,$L7)&" "&INDEX(ポート振替表!$L$5:$L$3507,$L7)&CHAR(10)&"⇔ "&INDEX(ポート振替表!$H$5:$H$3507,$L7)&" "&INDEX(ポート振替表!$I$5:$I$3507,$L7)) -> L-0048 例_新SW01 Te1/0/49 ⇔ CORE-SW01 Te1/0/5 | L7: =IFERROR(MATCH(ROW()-4,ポート振替表!$V$5:$V$3507,0),"") -> 3
A8: =IF(L8="","",ROW()-4) | B8: =IF(L8="","",IF(INDEX(ポート振替表!$W$5:$W$3507,$L8)="","(なし)",INDEX(ポート振替表!$W$5:$W$3507,$L8)&"")) | C8: =IF(L8="","",INDEX(ポート振替表!$B$5:$B$3507,$L8)&" "&INDEX(ポート振替表!$C$5:$C$3507,$L8)&" ⇔ "&INDEX(ポート振替表!$H$5:$H$3507,$L8)&" "&INDEX(ポート振替表!$I$5:$I$3507,$L8)) | D8: □ | E8: =IF(L8="","",IF(INDEX(ポート振替表!$O$5:$O$3507,$L8)="","(未設定)",INDEX(ポート振替表!$O$5:$O$3507,$L8)&"")) | F8: =IF(L8="","",INDEX(ポート振替表!$K$5:$K$3507,$L8)&" "&INDEX(ポート振替表!$L$5:$L$3507,$L8)&" ⇔ "&INDEX(ポート振替表!$H$5:$H$3507,$L8)&" "&INDEX(ポート振替表!$I$5:$I$3507,$L8)) | G8: □ | H8: =IF(L8="","",INDEX(ポート振替表!$N$5:$N$3507,$L8)&"") | I8: =IF(L8="","",INDEX(ポート振替表!$P$5:$P$3507,$L8)&"") | J8: =IF(L8="","",INDEX(ポート振替表!$M$5:$M$3507,$L8)&"") | K8: =IF(L8="","",E8&CHAR(10)&INDEX(ポート振替表!$K$5:$K$3507,$L8)&" "&INDEX(ポート振替表!$L$5:$L$3507,$L8)&CHAR(10)&"⇔ "&INDEX(ポート振替表!$H$5:$H$3507,$L8)&" "&INDEX(ポート振替表!$I$5:$I$3507,$L8)) | L8: =IFERROR(MATCH(ROW()-4,ポート振替表!$V$5:$V$3507,0),"")
A9: =IF(L9="","",ROW()-4) | B9: =IF(L9="","",IF(INDEX(ポート振替表!$W$5:$W$3507,$L9)="","(なし)",INDEX(ポート振替表!$W$5:$W$3507,$L9)&"")) | C9: =IF(L9="","",INDEX(ポート振替表!$B$5:$B$3507,$L9)&" "&INDEX(ポート振替表!$C$5:$C$3507,$L9)&" ⇔ "&INDEX(ポート振替表!$H$5:$H$3507,$L9)&" "&INDEX(ポート振替表!$I$5:$I$3507,$L9)) | D9: □ | E9: =IF(L9="","",IF(INDEX(ポート振替表!$O$5:$O$3507,$L9)="","(未設定)",INDEX(ポート振替表!$O$5:$O$3507,$L9)&"")) | F9: =IF(L9="","",INDEX(ポート振替表!$K$5:$K$3507,$L9)&" "&INDEX(ポート振替表!$L$5:$L$3507,$L9)&" ⇔ "&INDEX(ポート振替表!$H$5:$H$3507,$L9)&" "&INDEX(ポート振替表!$I$5:$I$3507,$L9)) | G9: □ | H9: =IF(L9="","",INDEX(ポート振替表!$N$5:$N$3507,$L9)&"") | I9: =IF(L9="","",INDEX(ポート振替表!$P$5:$P$3507,$L9)&"") | J9: =IF(L9="","",INDEX(ポート振替表!$M$5:$M$3507,$L9)&"") | K9: =IF(L9="","",E9&CHAR(10)&INDEX(ポート振替表!$K$5:$K$3507,$L9)&" "&INDEX(ポート振替表!$L$5:$L$3507,$L9)&CHAR(10)&"⇔ "&INDEX(ポート振替表!$H$5:$H$3507,$L9)&" "&INDEX(ポート振替表!$I$5:$I$3507,$L9)) | L9: =IFERROR(MATCH(ROW()-4,ポート振替表!$V$5:$V$3507,0),"")
A10: =IF(L10="","",ROW()-4) | B10: =IF(L10="","",IF(INDEX(ポート振替表!$W$5:$W$3507,$L10)="","(なし)",INDEX(ポート振替表!$W$5:$W$3507,$L10)&"")) | C10: =IF(L10="","",INDEX(ポート振替表!$B$5:$B$3507,$L10)&" "&INDEX(ポート振替表!$C$5:$C$3507,$L10)&" ⇔ "&INDEX(ポート振替表!$H$5:$H$3507,$L10)&" "&INDEX(ポート振替表!$I$5:$I$3507,$L10)) | D10: □ | E10: =IF(L10="","",IF(INDEX(ポート振替表!$O$5:$O$3507,$L10)="","(未設定)",INDEX(ポート振替表!$O$5:$O$3507,$L10)&"")) | F10: =IF(L10="","",INDEX(ポート振替表!$K$5:$K$3507,$L10)&" "&INDEX(ポート振替表!$L$5:$L$3507,$L10)&" ⇔ "&INDEX(ポート振替表!$H$5:$H$3507,$L10)&" "&INDEX(ポート振替表!$I$5:$I$3507,$L10)) | G10: □ | H10: =IF(L10="","",INDEX(ポート振替表!$N$5:$N$3507,$L10)&"") | I10: =IF(L10="","",INDEX(ポート振替表!$P$5:$P$3507,$L10)&"") | J10: =IF(L10="","",INDEX(ポート振替表!$M$5:$M$3507,$L10)&"") | K10: =IF(L10="","",E10&CHAR(10)&INDEX(ポート振替表!$K$5:$K$3507,$L10)&" "&INDEX(ポート振替表!$L$5:$L$3507,$L10)&CHAR(10)&"⇔ "&INDEX(ポート振替表!$H$5:$H$3507,$L10)&" "&INDEX(ポート振替表!$I$5:$I$3507,$L10)) | L10: =IFERROR(MATCH(ROW()-4,ポート振替表!$V$5:$V$3507,0),"")
A11: =IF(L11="","",ROW()-4) | B11: =IF(L11="","",IF(INDEX(ポート振替表!$W$5:$W$3507,$L11)="","(なし)",INDEX(ポート振替表!$W$5:$W$3507,$L11)&"")) | C11: =IF(L11="","",INDEX(ポート振替表!$B$5:$B$3507,$L11)&" "&INDEX(ポート振替表!$C$5:$C$3507,$L11)&" ⇔ "&INDEX(ポート振替表!$H$5:$H$3507,$L11)&" "&INDEX(ポート振替表!$I$5:$I$3507,$L11)) | D11: □ | E11: =IF(L11="","",IF(INDEX(ポート振替表!$O$5:$O$3507,$L11)="","(未設定)",INDEX(ポート振替表!$O$5:$O$3507,$L11)&"")) | F11: =IF(L11="","",INDEX(ポート振替表!$K$5:$K$3507,$L11)&" "&INDEX(ポート振替表!$L$5:$L$3507,$L11)&" ⇔ "&INDEX(ポート振替表!$H$5:$H$3507,$L11)&" "&INDEX(ポート振替表!$I$5:$I$3507,$L11)) | G11: □ | H11: =IF(L11="","",INDEX(ポート振替表!$N$5:$N$3507,$L11)&"") | I11: =IF(L11="","",INDEX(ポート振替表!$P$5:$P$3507,$L11)&"") | J11: =IF(L11="","",INDEX(ポート振替表!$M$5:$M$3507,$L11)&"") | K11: =IF(L11="","",E11&CHAR(10)&INDEX(ポート振替表!$K$5:$K$3507,$L11)&" "&INDEX(ポート振替表!$L$5:$L$3507,$L11)&CHAR(10)&"⇔ "&INDEX(ポート振替表!$H$5:$H$3507,$L11)&" "&INDEX(ポート振替表!$I$5:$I$3507,$L11)) | L11: =IFERROR(MATCH(ROW()-4,ポート振替表!$V$5:$V$3507,0),"")
A12: =IF(L12="","",ROW()-4) | B12: =IF(L12="","",IF(INDEX(ポート振替表!$W$5:$W$3507,$L12)="","(なし)",INDEX(ポート振替表!$W$5:$W$3507,$L12)&"")) | C12: =IF(L12="","",INDEX(ポート振替表!$B$5:$B$3507,$L12)&" "&INDEX(ポート振替表!$C$5:$C$3507,$L12)&" ⇔ "&INDEX(ポート振替表!$H$5:$H$3507,$L12)&" "&INDEX(ポート振替表!$I$5:$I$3507,$L12)) | D12: □ | E12: =IF(L12="","",IF(INDEX(ポート振替表!$O$5:$O$3507,$L12)="","(未設定)",INDEX(ポート振替表!$O$5:$O$3507,$L12)&"")) | F12: =IF(L12="","",INDEX(ポート振替表!$K$5:$K$3507,$L12)&" "&INDEX(ポート振替表!$L$5:$L$3507,$L12)&" ⇔ "&INDEX(ポート振替表!$H$5:$H$3507,$L12)&" "&INDEX(ポート振替表!$I$5:$I$3507,$L12)) | G12: □ | H12: =IF(L12="","",INDEX(ポート振替表!$N$5:$N$3507,$L12)&"") | I12: =IF(L12="","",INDEX(ポート振替表!$P$5:$P$3507,$L12)&"") | J12: =IF(L12="","",INDEX(ポート振替表!$M$5:$M$3507,$L12)&"") | K12: =IF(L12="","",E12&CHAR(10)&INDEX(ポート振替表!$K$5:$K$3507,$L12)&" "&INDEX(ポート振替表!$L$5:$L$3507,$L12)&CHAR(10)&"⇔ "&INDEX(ポート振替表!$H$5:$H$3507,$L12)&" "&INDEX(ポート振替表!$I$5:$I$3507,$L12)) | L12: =IFERROR(MATCH(ROW()-4,ポート振替表!$V$5:$V$3507,0),"")
A13: =IF(L13="","",ROW()-4) | B13: =IF(L13="","",IF(INDEX(ポート振替表!$W$5:$W$3507,$L13)="","(なし)",INDEX(ポート振替表!$W$5:$W$3507,$L13)&"")) | C13: =IF(L13="","",INDEX(ポート振替表!$B$5:$B$3507,$L13)&" "&INDEX(ポート振替表!$C$5:$C$3507,$L13)&" ⇔ "&INDEX(ポート振替表!$H$5:$H$3507,$L13)&" "&INDEX(ポート振替表!$I$5:$I$3507,$L13)) | D13: □ | E13: =IF(L13="","",IF(INDEX(ポート振替表!$O$5:$O$3507,$L13)="","(未設定)",INDEX(ポート振替表!$O$5:$O$3507,$L13)&"")) | F13: =IF(L13="","",INDEX(ポート振替表!$K$5:$K$3507,$L13)&" "&INDEX(ポート振替表!$L$5:$L$3507,$L13)&" ⇔ "&INDEX(ポート振替表!$H$5:$H$3507,$L13)&" "&INDEX(ポート振替表!$I$5:$I$3507,$L13)) | G13: □ | H13: =IF(L13="","",INDEX(ポート振替表!$N$5:$N$3507,$L13)&"") | I13: =IF(L13="","",INDEX(ポート振替表!$P$5:$P$3507,$L13)&"") | J13: =IF(L13="","",INDEX(ポート振替表!$M$5:$M$3507,$L13)&"") | K13: =IF(L13="","",E13&CHAR(10)&INDEX(ポート振替表!$K$5:$K$3507,$L13)&" "&INDEX(ポート振替表!$L$5:$L$3507,$L13)&CHAR(10)&"⇔ "&INDEX(ポート振替表!$H$5:$H$3507,$L13)&" "&INDEX(ポート振替表!$I$5:$I$3507,$L13)) | L13: =IFERROR(MATCH(ROW()-4,ポート振替表!$V$5:$V$3507,0),"")
A14: =IF(L14="","",ROW()-4) | B14: =IF(L14="","",IF(INDEX(ポート振替表!$W$5:$W$3507,$L14)="","(なし)",INDEX(ポート振替表!$W$5:$W$3507,$L14)&"")) | C14: =IF(L14="","",INDEX(ポート振替表!$B$5:$B$3507,$L14)&" "&INDEX(ポート振替表!$C$5:$C$3507,$L14)&" ⇔ "&INDEX(ポート振替表!$H$5:$H$3507,$L14)&" "&INDEX(ポート振替表!$I$5:$I$3507,$L14)) | D14: □ | E14: =IF(L14="","",IF(INDEX(ポート振替表!$O$5:$O$3507,$L14)="","(未設定)",INDEX(ポート振替表!$O$5:$O$3507,$L14)&"")) | F14: =IF(L14="","",INDEX(ポート振替表!$K$5:$K$3507,$L14)&" "&INDEX(ポート振替表!$L$5:$L$3507,$L14)&" ⇔ "&INDEX(ポート振替表!$H$5:$H$3507,$L14)&" "&INDEX(ポート振替表!$I$5:$I$3507,$L14)) | G14: □ | H14: =IF(L14="","",INDEX(ポート振替表!$N$5:$N$3507,$L14)&"") | I14: =IF(L14="","",INDEX(ポート振替表!$P$5:$P$3507,$L14)&"") | J14: =IF(L14="","",INDEX(ポート振替表!$M$5:$M$3507,$L14)&"") | K14: =IF(L14="","",E14&CHAR(10)&INDEX(ポート振替表!$K$5:$K$3507,$L14)&" "&INDEX(ポート振替表!$L$5:$L$3507,$L14)&CHAR(10)&"⇔ "&INDEX(ポート振替表!$H$5:$H$3507,$L14)&" "&INDEX(ポート振替表!$I$5:$I$3507,$L14)) | L14: =IFERROR(MATCH(ROW()-4,ポート振替表!$V$5:$V$3507,0),"")
A15: =IF(L15="","",ROW()-4) | B15: =IF(L15="","",IF(INDEX(ポート振替表!$W$5:$W$3507,$L15)="","(なし)",INDEX(ポート振替表!$W$5:$W$3507,$L15)&"")) | C15: =IF(L15="","",INDEX(ポート振替表!$B$5:$B$3507,$L15)&" "&INDEX(ポート振替表!$C$5:$C$3507,$L15)&" ⇔ "&INDEX(ポート振替表!$H$5:$H$3507,$L15)&" "&INDEX(ポート振替表!$I$5:$I$3507,$L15)) | D15: □ | E15: =IF(L15="","",IF(INDEX(ポート振替表!$O$5:$O$3507,$L15)="","(未設定)",INDEX(ポート振替表!$O$5:$O$3507,$L15)&"")) | F15: =IF(L15="","",INDEX(ポート振替表!$K$5:$K$3507,$L15)&" "&INDEX(ポート振替表!$L$5:$L$3507,$L15)&" ⇔ "&INDEX(ポート振替表!$H$5:$H$3507,$L15)&" "&INDEX(ポート振替表!$I$5:$I$3507,$L15)) | G15: □ | H15: =IF(L15="","",INDEX(ポート振替表!$N$5:$N$3507,$L15)&"") | I15: =IF(L15="","",INDEX(ポート振替表!$P$5:$P$3507,$L15)&"") | J15: =IF(L15="","",INDEX(ポート振替表!$M$5:$M$3507,$L15)&"") | K15: =IF(L15="","",E15&CHAR(10)&INDEX(ポート振替表!$K$5:$K$3507,$L15)&" "&INDEX(ポート振替表!$L$5:$L$3507,$L15)&CHAR(10)&"⇔ "&INDEX(ポート振替表!$H$5:$H$3507,$L15)&" "&INDEX(ポート振替表!$I$5:$I$3507,$L15)) | L15: =IFERROR(MATCH(ROW()-4,ポート振替表!$V$5:$V$3507,0),"")
A16: =IF(L16="","",ROW()-4) | B16: =IF(L16="","",IF(INDEX(ポート振替表!$W$5:$W$3507,$L16)="","(なし)",INDEX(ポート振替表!$W$5:$W$3507,$L16)&"")) | C16: =IF(L16="","",INDEX(ポート振替表!$B$5:$B$3507,$L16)&" "&INDEX(ポート振替表!$C$5:$C$3507,$L16)&" ⇔ "&INDEX(ポート振替表!$H$5:$H$3507,$L16)&" "&INDEX(ポート振替表!$I$5:$I$3507,$L16)) | D16: □ | E16: =IF(L16="","",IF(INDEX(ポート振替表!$O$5:$O$3507,$L16)="","(未設定)",INDEX(ポート振替表!$O$5:$O$3507,$L16)&"")) | F16: =IF(L16="","",INDEX(ポート振替表!$K$5:$K$3507,$L16)&" "&INDEX(ポート振替表!$L$5:$L$3507,$L16)&" ⇔ "&INDEX(ポート振替表!$H$5:$H$3507,$L16)&" "&INDEX(ポート振替表!$I$5:$I$3507,$L16)) | G16: □ | H16: =IF(L16="","",INDEX(ポート振替表!$N$5:$N$3507,$L16)&"") | I16: =IF(L16="","",INDEX(ポート振替表!$P$5:$P$3507,$L16)&"") | J16: =IF(L16="","",INDEX(ポート振替表!$M$5:$M$3507,$L16)&"") | K16: =IF(L16="","",E16&CHAR(10)&INDEX(ポート振替表!$K$5:$K$3507,$L16)&" "&INDEX(ポート振替表!$L$5:$L$3507,$L16)&CHAR(10)&"⇔ "&INDEX(ポート振替表!$H$5:$H$3507,$L16)&" "&INDEX(ポート振替表!$I$5:$I$3507,$L16)) | L16: =IFERROR(MATCH(ROW()-4,ポート振替表!$V$5:$V$3507,0),"")
... A3507: =IF(L3507="","",ROW()-4) | B3507: =IF(L3507="","",IF(INDEX(ポート振替表!$W$5:$W$3507,$L3507)="","(なし)",INDEX(ポート振替表!$W$5:$W$3507,$L3507)&"")) | C3507: =IF(L3507="","",INDEX(ポート振替表!$B$5:$B$3507,$L3507)&" "&INDEX(ポート振替表!$C$5:$C$3507,$L3507)&" ⇔ "&INDEX(ポート振替表!$H$5:$H$3507,$L3507)&" "&INDEX(ポート振替表!$I$5:$I$3507,$L3507)) | D3507: □ | E3507: =IF(L3507="","",IF(INDEX(ポート振替表!$O$5:$O$3507,$L3507)="","(未設定)",INDEX(ポート振替表!$O$5:$O$3507,$L3507)&"")) | F3507: =IF(L3507="","",INDEX(ポート振替表!$K$5:$K$3507,$L3507)&" "&INDEX(ポート振替表!$L$5:$L$3507,$L3507)&" ⇔ "&INDEX(ポート振替表!$H$5:$H$3507,$L3507)&" "&INDEX(ポート振替表!$I$5:$I$3507,$L3507)) | G3507: □ | H3507: =IF(L3507="","",INDEX(ポート振替表!$N$5:$N$3507,$L3507)&"") | I3507: =IF(L3507="","",INDEX(ポート振替表!$P$5:$P$3507,$L3507)&"") | J3507: =IF(L3507="","",INDEX(ポート振替表!$M$5:$M$3507,$L3507)&"") | K3507: =IF(L3507="","",E3507&CHAR(10)&INDEX(ポート振替表!$K$5:$K$3507,$L3507)&" "&INDEX(ポート振替表!$L$5:$L$3507,$L3507)&CHAR(10)&"⇔ "&INDEX(ポート振替表!$H$5:$H$3507,$L3507)&" "&INDEX(ポート振替表!$I$5:$I$3507,$L3507)) | L3507: =IFERROR(MATCH(ROW()-4,ポート振替表!$V$5:$V$3507,0),"")

Sheet リスト
A1: プルダウン用リスト(自社の運用に合わせて自由に編集できます。行の追加はリスト範囲内で)
A3: ポートモード | B3: 速度/Duplex | C3: ケーブル種別 | D3: 作業状況 | F3: ※「疎通確認済」= 完了として進捗率に集計されます
A4: Access | B4: Auto | C4: UTP Cat5e | D4: 未着手
A5: Trunk | B5: 10M/Full | C5: UTP Cat6 | D5: 準備済
A6: Hybrid | B6: 100M/Full | C6: UTP Cat6A | D6: 切替済
A7: Routed | B7: 1G/Full | C7: 光 SMF | D7: 疎通確認済
A8: LAG(メンバー) | B8: 10G/Full | C8: 光 MMF | D8: 保留
A9: ミラー | B9: 25G/Full | C9: DAC
A10: 未使用(Shutdown) | B10: 40G/Full | C10: AOC
B11: 100M/Half | C11: 既設流用
